typography_heading-xs__osRhC,link_internal__Eam_b href,typography_heading-xs__osRhC (2),typography_body-m__k2UI7,typography_body-xs__IKE8N,typography_body-m__k2UI7 (2),typography_body-m__k2UI7 (3),star-rating_starRating__sdbkn src,link_internal__Eam_b href (2),typography_heading-xs__osRhC (3),typography_body-l__v5JLj,typography_body-m__k2UI7 (4),typography_body-m__k2UI7 (5),typography_body-m__k2UI7 (6),typography_body-m__k2UI7 (7),business-profile-image_image__V14jr src,typography_body-m__k2UI7 (8),typography_body-s__IqDta,typography_body-m__k2UI7 (9),typography_heading-xxxs__SrlLa,avatar_imageWrapper__9hWrp src,typography_body-xl__WH3X8,styles_bottomRow__iDqSC src
JA,https://www.trustpilot.com/users/5fc342b9dd303d001990830b,Jay,GB,â€¢,7 reviews,A day ago,https://cdn.trustpilot.net/brand-assets/4.1.0/stars/stars-5.svg,https://www.trustpilot.com/reviews/683ed769708852eb0256b225,Another amazing wig,"I'm honestly so impressed with the Evelyn wig from Hairvivi! The hair is super soft, the lace melted beautifully with hardly any effort, and the hairline is so natural â€“ I barely had to do anything to get it ready to wear. Itâ€™s definitely beginner-friendly but still looks premium. What really surprised me was how quickly it arrived â€“ Iâ€™m in the UK and shipping was much faster than expected. The wig fits comfortably and stayed secure all day. Itâ€™s easily one of the best wigs Iâ€™ve bought. This was the yaki wig",Date of experience:,"June 02, 2025",Useful,Share,https://consumersiteimages.trustpilot.net/business-units/5be777b095bbdc0001865d4a-198x149-1x.jpg,Reply from Hairvivi,12 hours ago,"Hi,
Thanks for your review and we are so glad to hear that you are satisfied with the wig.
Your affirmation and encouragement give us more confidence to offer better service in the future.ğŸ’•Hairvivi will try our best to improve our products and services better in the future!ğŸ˜„
Wish you all the best!
Hairvivi",See 1 more review by Jay,,,
,,,Advertisement,,,,,,,,,,,,,,,,,,,
,https://www.trustpilot.com/users/683e95304e662d067a2f4279,Brandon J,US,â€¢,1 review,A day ago,https://cdn.trustpilot.net/brand-assets/4.1.0/stars/stars-5.svg,https://www.trustpilot.com/reviews/683e96d7cc6b9fea9aebd233,Hairvivi canâ€™t do no wrong! Best wigs!!,"I have purchased five wigs from hairvivi, the Luna unit being my most recent purchase from them. This has been the most realistic human hair wig I have ever purchased before the lace is truly undetectable, and the knots are bleached to perfection. I love their blonde hair so much! If you want a good 613 blonde buss down that wonâ€™t shed and last up to a year get you a hairvivi wigs! I prefer their 180% density wigs for a fuller look of hair!",Date of experience:,"June 02, 2025",Useful,Share,https://consumersiteimages.trustpilot.net/business-units/5be777b095bbdc0001865d4a-198x149-1x.jpg,Reply from Hairvivi,12 hours ago,"Hi,
Thanks for your review and we are so glad to hear that you are satisfied with the wig.
Your affirmation and encouragement give us more confidence to offer better service in the future.ğŸ’•Hairvivi will try our best to improve our products and services better in the future!ğŸ˜„
Wish you all the best!
Hairvivi",,https://user-images.trustpilot.com/683e95304e662d067a2f4279/73x73.png,,
,https://www.trustpilot.com/users/597698000000ff000ab3324b,flickstarulz,AU,â€¢,3 reviews,6 days ago,https://cdn.trustpilot.net/brand-assets/4.1.0/stars/stars-5.svg,https://www.trustpilot.com/reviews/6837e4d9be661cef5f9dcb6f,My first wig and couldnt be happier!,"The wig was beautifully presented and a quick delivery to Australia. The colour is a gorgeous dark to light brunette ombre. The lace is undetectable, and although I had a bit of a struggle trimming around my ears, I'm very happy with the final result. She's a lovely full voluminous wig, and super long, which is what my heart wanted. Something close to my bio hair, which I miss dearly since being diagnosed with Alopecia Areata earlier this year before my 40th birthday. I am very pleased also with the service, of which I had a lot of help trying to pick a wig that wasn't too dark, or too light. I will definitely be buying with Hairvivi again! Thank you!",Date of experience:,"May 28, 2025",Useful,Share,https://consumersiteimages.trustpilot.net/business-units/5be777b095bbdc0001865d4a-198x149-1x.jpg,Reply from Hairvivi,5 days ago,"Hi,
Thanks for your review and we are so glad to hear that you are satisfied with the wig.
Your affirmation and encouragement give us more confidence to offer better service in the future.ğŸ’•Hairvivi will try our best to improve our products and services better in the future!ğŸ˜„
Wish you all the best!
Hairvivi",,https://user-images.trustpilot.com/597698000000ff000ab3324b/73x73.png,,
SM,https://www.trustpilot.com/users/6837be5d4e662df67728b2d5,Sabrina Mckenzie,US,â€¢,1 review,6 days ago,https://cdn.trustpilot.net/brand-assets/4.1.0/stars/stars-5.svg,https://www.trustpilot.com/reviews/6837be673a7392916f57fc79,Excellent quality,"Excellent quality, no weird odor and not to mention I got my package within a week. Iâ€™m impressed.",Date of experience:,"May 28, 2025",Useful,Share,https://consumersiteimages.trustpilot.net/business-units/5be777b095bbdc0001865d4a-198x149-1x.jpg,Reply from Hairvivi,5 days ago,"Hi,
Thanks for your review and we are so glad to hear that you are satisfied with the wig.
Your affirmation and encouragement give us more confidence to offer better service in the future.ğŸ’•Hairvivi will try our best to improve our products and services better in the future!ğŸ˜„
Wish you all the best!
Hairvivi",,,,
KE,https://www.trustpilot.com/users/65a4affb7ebc120011760c6e,Kelsey,US,â€¢,1 review,"May 28, 2025",https://cdn.trustpilot.net/brand-assets/4.1.0/stars/stars-5.svg,https://www.trustpilot.com/reviews/6835e870fcf814e59aaa1a34,Love love love,Love love love! I will be a customer forever! Their quality is unmatched in my opinion. In this economy they make it affordable for people like me (stay at home mom and military wife) to achieve my dream hair. â¤ï¸ Shipping is also crazy fast,Date of experience:,"May 27, 2025",Useful,Share,https://consumersiteimages.trustpilot.net/business-units/5be777b095bbdc0001865d4a-198x149-1x.jpg,Reply from Hairvivi,"May 28, 2025","Hi,
Thanks for your review and we are so glad to hear that you are satisfied with the wig.
Your affirmation and encouragement give us more confidence to offer better service in the future.ğŸ’•Hairvivi will try our best to improve our products and services better in the future!ğŸ˜„
Wish you all the best!
Hairvivi",,,,
,,,Advertisement,,,,,,,,,,,,,,,,,,,
,https://www.trustpilot.com/users/6830eefd4e662d72bc21ea7c,Twaina Jones,US,â€¢,1 review,"May 24, 2025",https://cdn.trustpilot.net/brand-assets/4.1.0/stars/stars-5.svg,https://www.trustpilot.com/reviews/6830ef1e2e026ec5ee218513,Great Customer Service,"Great customer service! The wig arrived perfect and had a great presentation. I really love the goodies they include. Thank you, Hairvivi, for always delivering top-notch quality.",Date of experience:,"May 22, 2025",Useful,Share,https://consumersiteimages.trustpilot.net/business-units/5be777b095bbdc0001865d4a-198x149-1x.jpg,Reply from Hairvivi,"May 26, 2025","Hi,
Thanks for your review and we are so glad to hear that you are satisfied with the wig.
Your affirmation and encouragement give us more confidence to offer better service in the future.ğŸ’•Hairvivi will try our best to improve our products and services better in the future!ğŸ˜„
Wish you all the best!
Hairvivi",,https://user-images.trustpilot.com/6830eefd4e662d72bc21ea7c/73x73.png,,
,https://www.trustpilot.com/users/677f0fc6a892646356c17ffa,Jax D.,US,â€¢,2 reviews,"May 23, 2025",https://cdn.trustpilot.net/brand-assets/4.1.0/stars/stars-5.svg,https://www.trustpilot.com/reviews/68301d5213ed4f4c65575759,Look in the mirror for ALICE wig,"First, the wig ""ALICE"" that I received is beautiful. The pre-plucked hairline, invisible knots and gorgeous hair is the best in the industry. I had a very bad experience with a competitor. I kept reading all great reviews for Hairvivi, so I decided to go for it. I am so glad I did. If you are thinking of buying a human hair wig, Hairvivi is the BEST. I LOVE MY HAIR!",Date of experience:,"May 21, 2025",Useful,Share,https://consumersiteimages.trustpilot.net/business-units/5be777b095bbdc0001865d4a-198x149-1x.jpg,Reply from Hairvivi,"May 26, 2025","Hi,
Thanks for your review and we are so glad to hear that you are satisfied with the wig.
Your affirmation and encouragement give us more confidence to offer better service in the future.ğŸ’•Hairvivi will try our best to improve our products and services better in the future!ğŸ˜„
Wish you all the best!
Hairvivi",,https://user-images.trustpilot.com/677f0fc6a892646356c17ffa/73x73.png,,
,https://www.trustpilot.com/users/681064bb4db5a02466e11cc7,Brielle Doyle,AU,â€¢,2 reviews,"May 22, 2025",https://cdn.trustpilot.net/brand-assets/4.1.0/stars/stars-5.svg,https://www.trustpilot.com/reviews/682e99022c532182e36229f3,5 STAR QUALITY & CUSTOMER SERVICE,"Absolutely incredible quality. The wig arrived quicker than expected, smelt amazing with zero shedding and the lace is beyond amazing. ( I got honey lace with the fake scalp ).

I am so impressed, Iâ€™m already about to order my next wig ğŸ¤",Date of experience:,"May 22, 2025",Useful,Share,https://consumersiteimages.trustpilot.net/business-units/5be777b095bbdc0001865d4a-198x149-1x.jpg,Reply from Hairvivi,"May 23, 2025","Hi,
Thanks for your review and we are so glad to hear that you are satisfied with the wig.
Your affirmation and encouragement give us more confidence to offer better service in the future.ğŸ’•Hairvivi will try our best to improve our products and services better in the future!ğŸ˜„
Wish you all the best!
Hairvivi",See 1 more review by Brielle,https://user-images.trustpilot.com/681064bb4db5a02466e11cc7/73x73.png,,
EG,https://www.trustpilot.com/users/5bb0253a4de5666d34e9406c,Elaine Gulliksen,US,â€¢,4 reviews,"May 22, 2025",https://cdn.trustpilot.net/brand-assets/4.1.0/stars/stars-5.svg,https://www.trustpilot.com/reviews/682e15818f84e77bb9646f6e,Great quality and fast shipping!,"My first time ordering from Hairvivi, and I loved the wig so much I ordered another one! I got Vivian in 18â€ length with a small cap. The hair is soft, sleek, and the color is GORGEOUS. The hairline was perfect, I didnâ€™t have to pluck any hairs. Knots are bleached also, so no dark knots to cover up. And it ships faster than some other companies, so you get it pretty quickly. Iâ€™m so glad I found Hairvivi!!",Date of experience:,"May 15, 2025",Useful,Share,https://consumersiteimages.trustpilot.net/business-units/5be777b095bbdc0001865d4a-198x149-1x.jpg,Reply from Hairvivi,"May 22, 2025","Hi,
Thanks for your review and we are so glad to hear that you are satisfied with the wig.
Your affirmation and encouragement give us more confidence to offer better service in the future.ğŸ’•Hairvivi will try our best to improve our products and services better in the future!ğŸ˜„
Wish you all the best!
Hairvivi",,,,
,,,Advertisement,,,,,,,,,,,,,,,,,,,
,https://www.trustpilot.com/users/682d25a14e662d00031d4cce,G Cross,US,â€¢,1 review,"Updated May 21, 2025",https://cdn.trustpilot.net/brand-assets/4.1.0/stars/stars-5.svg,https://www.trustpilot.com/reviews/682d260089b752fe77c53ecc,Hairvivi is a must have!,I researched over a year to find a good wig company due to so many inconsistencies in reviews. Once I came across Hairvivi I knew they were the company for me! I have experienced hair thinning due to menopause and struggled with not feeling like myself. They were helpful and patient with my indecisiveness. After a month I finally chose two units that compliment me. The hair quality and cap fit is superb. If you're in doubt give them a try you won't regret it.,Date of experience:,"May 18, 2025",Useful,Share,https://consumersiteimages.trustpilot.net/business-units/5be777b095bbdc0001865d4a-198x149-1x.jpg,Reply from Hairvivi,"May 22, 2025","Hi,
Thanks for your review and we are so glad to hear that you are satisfied with the wig.
Your affirmation and encouragement give us more confidence to offer better service in the future.ğŸ’•Hairvivi will try our best to improve our products and services better in the future!ğŸ˜„
Wish you all the best!
Hairvivi",,https://user-images.trustpilot.com/682d25a14e662d00031d4cce/73x73.png,,
Get Chrome extension,https://chrome.google.com/webstore/detail/trustpilot-reviews-rating/dimkjjladgaekdlfebknbaooicmfalke?utm_source=trustpilot&utm_medium=cpp_promotion&utm_campaign=cpp_promotion,,,,,,,,,,,,,,,,,,,,See if a website is trustworthy without leaving the page,https://cdn.trustpilot.net/brand-assets/4.3.0/logo-black.svg
KB,https://www.trustpilot.com/users/682b67efbf768b72c402a607,Kyrelle Burton,GB,â€¢,1 review,"May 20, 2025",https://cdn.trustpilot.net/brand-assets/4.1.0/stars/stars-5.svg,https://www.trustpilot.com/reviews/682b67f71b165f4e8c1f1252,Obsessed with this unit,Obsessed with this with! Itâ€™s the nicest one Iâ€™ve had Iâ€™m so in love with it! I bought Catherine wig and I can just slap it on and go!,Date of experience:,"May 16, 2025",Useful,Share,https://consumersiteimages.trustpilot.net/business-units/5be777b095bbdc0001865d4a-198x149-1x.jpg,Reply from Hairvivi,"May 20, 2025","Hi,
Thanks for your review and we are so glad to hear that you are satisfied with the wig.
Your affirmation and encouragement give us more confidence to offer better service in the future.ğŸ’•Hairvivi will try our best to improve our products and services better in the future!ğŸ˜„
Wish you all the best!
Hairvivi",,,,
,https://www.trustpilot.com/users/6828a5b84db5a0cbacfb6c85,Debbie Williams,JM,â€¢,1 review,"May 18, 2025",https://cdn.trustpilot.net/brand-assets/4.1.0/stars/stars-5.svg,https://www.trustpilot.com/reviews/6828a5dfd1d8ad91a896d257,Evelyn Wig is Topnotch!,"I purchased the Evelyn natural black 18"" for my anniversary trip to Italy, and it was absolutely worth the investment. Though it was on the pricier side, the quality is outstanding â€” it didnâ€™t shed at all and was incredibly easy to style, even with minimal effort. It held up beautifully throughout the trip and gave me the confidence and versatility I was hoping for. I am totally new to wigs and when I tell you that installing this wig glueless or with glue is a no-brainer. Highly recommend! In terms of delivery, it was quicker than I expected because I live in Jamaica and it was available for pickup within 10 days.",Date of experience:,"March 27, 2025",Verified,Share,https://consumersiteimages.trustpilot.net/business-units/5be777b095bbdc0001865d4a-198x149-1x.jpg,Reply from Hairvivi,"May 19, 2025","Hi,
Thanks for your review and we are so glad to hear that you are satisfied with the wig.
Your affirmation and encouragement give us more confidence to offer better service in the future.ğŸ’•Hairvivi will try our best to improve our products and services better in the future!ğŸ˜„
Wish you all the best!
Hairvivi",,https://user-images.trustpilot.com/6828a5b84db5a0cbacfb6c85/73x73.png,,
CA,https://www.trustpilot.com/users/5e99acfd5efa599a4358082f,Carrie,DE,â€¢,3 reviews,"Updated May 17, 2025",https://cdn.trustpilot.net/brand-assets/4.1.0/stars/stars-1.svg,https://www.trustpilot.com/reviews/6827508809a671effbd8fbdb,Disappointing Quality and Poor Customer Service â€“ A Warning About Hairvivi,"Hairvivi of course knows about this order and problem. Since we had intense email communications about it. Iâ€™ve purchased several wigs from Hairvivi and feel compelled to share my experience. One of the wigs started shedding excessively after only a couple of wears and two washes â€” to the point of developing bald spots within less than three months. Despite proper and experienced care, the hair began falling out due to loosened knots, which clearly points to a manufacturing defect.

When I contacted Hairviviâ€™s customer service with video proof and documentation, they offered a â€œrepairâ€ service for an additional $500 â€” for a product that is clearly faulty. This is completely unacceptable. As a European customer, I expect basic consumer rights and product quality standards to be respected, but Hairvivi shows no willingness to take responsibility.

Even my newer wig (""Charlotte"") is shedding heavily at the lace, and all four of the units Iâ€™ve purchased show similar issues. I am highly experienced in wig care and maintenance, and I can confidently say this is not user error, but a serious quality issue.

Hairviviâ€™s lack of support and refusal to offer a reasonable solution is incredibly disappointing. I cannot recommend this company and feel itâ€™s important to warn others before making a costly mistake.",Date of experience:,"May 15, 2025",Useful,Share,https://consumersiteimages.trustpilot.net/business-units/5be777b095bbdc0001865d4a-198x149-1x.jpg,Reply from Hairvivi,"May 17, 2025","At Hairvivi, we take customer feedback extremely seriously, and weâ€™re truly sorry to hear about any dissatisfaction with our products or services.

At Hairvivi, we are committed to providing high-quality products and attentive customer care. Every unit undergoes multiple quality checks before shipment. However, we understand that individual experiences may vary due to a wide range of usage habits, environmental factors, and personal care routines.

Using the current information, we cannot find your order. We sent you a request, kindly send us your order information so we can better check the problem and solve it for you.
All in all, sorry for any inconvenience.
Hairvivi Team",,,,
,,,Advertisement,,,,,,,,,,,,,,,,,,,
CB,https://www.trustpilot.com/users/682736544db5a0395dfa00ec,Carea Blue,US,â€¢,1 review,"May 16, 2025",https://cdn.trustpilot.net/brand-assets/4.1.0/stars/stars-5.svg,https://www.trustpilot.com/reviews/6827365533fabd1f4324a8e9,The Chase wig is beautiful and can beâ€¦,The Chase wig is beautiful and can be worn right out the box.The plucking and pre bleach knots are perfect. The roots are close to a number 2 which looks natural on me.,Date of experience:,"February 28, 2025",Verified,Share,https://consumersiteimages.trustpilot.net/business-units/5be777b095bbdc0001865d4a-198x149-1x.jpg,Reply from Hairvivi,"May 19, 2025","Hi,
Thanks for your review and we are so glad to hear that you are satisfied with the wig.
Your affirmation and encouragement give us more confidence to offer better service in the future.ğŸ’•Hairvivi will try our best to improve our products and services better in the future!ğŸ˜„
Wish you all the best!
Hairvivi",,,,
ST,https://www.trustpilot.com/users/6826125fb83f2c7a1a7f6029,Stephanie,US,â€¢,1 review,"May 16, 2025",https://cdn.trustpilot.net/brand-assets/4.1.0/stars/stars-5.svg,https://www.trustpilot.com/reviews/6826126061ccf5e19e93976f,Vivian WIG,Beautiful unit. I wish Iâ€™d was a little more ashy. The Vivian smelled like chance by Chanel when I took it out of the bag! Packaging was great. Will be buying another one,Date of experience:,"March 12, 2025",Verified,Share,https://consumersiteimages.trustpilot.net/business-units/5be777b095bbdc0001865d4a-198x149-1x.jpg,Reply from Hairvivi,"May 16, 2025","Hi,
Thanks for your review and we are so glad to hear that you are satisfied with the wig.
Your affirmation and encouragement give us more confidence to offer better service in the future.ğŸ’•Hairvivi will try our best to improve our products and services better in the future!ğŸ˜„
Wish you all the best!
Hairvivi",,,,
,https://www.trustpilot.com/users/6825e776bf768bdfa2fd035c,FF A,AE,â€¢,1 review,"May 15, 2025",https://cdn.trustpilot.net/brand-assets/4.1.0/stars/stars-5.svg,https://www.trustpilot.com/reviews/6825e78ab4807548ba27c06b,I am very impressed with the quality ofâ€¦,"I am very impressed with the quality of the hair, the packaging and the speed of delivery. I really liked it and the speed of delivery as well.",Date of experience:,"May 14, 2025",Useful,Share,https://consumersiteimages.trustpilot.net/business-units/5be777b095bbdc0001865d4a-198x149-1x.jpg,Reply from Hairvivi,"May 16, 2025","Hi,
Thanks for your review and we are so glad to hear that you are satisfied with the wig.
Your affirmation and encouragement give us more confidence to offer better service in the future.ğŸ’•Hairvivi will try our best to improve our products and services better in the future!ğŸ˜„
Wish you all the best!
Hairvivi",,https://user-images.trustpilot.com/6825e776bf768bdfa2fd035c/73x73.png,,
YA,https://www.trustpilot.com/users/67df5b1be4a1da69e806c753,Yaknowme,US,â€¢,1 review,"May 15, 2025",https://cdn.trustpilot.net/brand-assets/4.1.0/stars/stars-1.svg,https://www.trustpilot.com/reviews/6824e5ae59031f4cc1fc3d9a,I normally have great experiences Withâ€¦,"I normally have great experiences With HairViVi. I made a review about the Kylie wig that was blonde. I ordered a medium sized cap. They sent me a small. It was too late to send it back and I thought maybe I could make it work only for it not to work out and I did get a 50% refund. And I trusted that they would be better next time. So I ended up buying the IZZIE MIDDLE PARTING/22inches that I bought in the past. When I got it, I noticed that the ends were fried. And guess what, they sent me the wrong cap again. This time to test their theory because they tried to argue with me last time and say that they changed their cap sizes website wide, I ordered a large. they still sent me the wrong capsize. This wig barely holds a curl because it is that fried at the ends And after one wear,it is the frizziest wig Iâ€™ve ever owned. I am so disappointed and I will not be changing my review as I did not change my last review.",Date of experience:,"April 30, 2025","Useful
1",Share,https://consumersiteimages.trustpilot.net/business-units/5be777b095bbdc0001865d4a-198x149-1x.jpg,Reply from Hairvivi,"Updated May 15, 2025","Hi,
We are really sorry for your unhappy shopping experience and no worries as long as the lace is intact, we offer a free return service.
Dear, every wig will be inspected very carefully before shipping to make sure the capsize, quality is no problem. Hairvivi has been in wig industry for over a decade, we won't do something to damage our reputation. But you are our loyal customer, we cherish your feedback which can make us do better in the future.
Using the current information, we cannot find your order. We sent you a request, kindly send us your order information so we can better check the problem and solve it for you.
All in all, sorry for any inconvenience.
Hairvivi Team",,,,
,,,Advertisement,,,,,,,,,,,,,,,,,,,
SE,https://www.trustpilot.com/users/5cdfd160a5274e6f81214eb8,Santina Emilio-Lloyd,GB,â€¢,2 reviews,"May 14, 2025",https://cdn.trustpilot.net/brand-assets/4.1.0/stars/stars-5.svg,https://www.trustpilot.com/reviews/6824383fd1f2d8af965643d4,Stunning wig,"When I purchased the Catherine wig I really didnâ€™t expect too much. Most wigs arrive looking nothing like the pictures, but WOW this wig exceeded all my expectations. It arrived in a gorgeous package, smelled amazing, and was ready to wear. This is the most realistic wig Iâ€™ve ever seen. Itâ€™s GORGEOUS. I receive compliments every time I put it on. It has given me the confidence I needed while going through chemo. RUN and buy this wig now. You wonâ€™t regret it.",Date of experience:,"May 09, 2025",Useful,Share,https://consumersiteimages.trustpilot.net/business-units/5be777b095bbdc0001865d4a-198x149-1x.jpg,Reply from Hairvivi,"May 15, 2025","Hi,
Thanks for your review and we are so glad to hear that you are satisfied with the wig.
Your affirmation and encouragement give us more confidence to offer better service in the future.ğŸ’•Hairvivi will try our best to improve our products and services better in the future!ğŸ˜„
Wish you all the best!
Hairvivi",,,,
MM,https://www.trustpilot.com/users/6806bd40a8b3e668e4a34c02,Marguerite McKinney,US,â€¢,2 reviews,"May 13, 2025",https://cdn.trustpilot.net/brand-assets/4.1.0/stars/stars-5.svg,https://www.trustpilot.com/reviews/68234087947e1eaeb8e76acb,Excellent wig company,"I recently bought a wig from this company and ran into some minor issues so I contacted the company and they worked with me to resolve everything. They gave me a credit to my account and issued me a refund towards my cap being to small.
This is the best wig company I have ever bought from. The wig quality is excellent, soft human hair. I love it and get a lot of compliments. I canâ€™t say enough the level of care and service they have for their customers.
I will be a long term customer and looking to buy my next wig from them!",Date of experience:,"April 08, 2025",Useful,Share,https://consumersiteimages.trustpilot.net/business-units/5be777b095bbdc0001865d4a-198x149-1x.jpg,Reply from Hairvivi,"May 14, 2025","Hi,
Thanks for your review and we are so glad to hear that you are satisfied with the wig.
Your affirmation and encouragement give us more confidence to offer better service in the future.ğŸ’•Hairvivi will try our best to improve our products and services better in the future!ğŸ˜„
Wish you all the best!
Hairvivi",See 1 more review by Marguerite,,,
,https://www.trustpilot.com/users/6821a1ae4db5a03798f2df54,RudsviÃ«ly,NL,â€¢,1 review,"May 12, 2025",https://cdn.trustpilot.net/brand-assets/4.1.0/stars/stars-5.svg,https://www.trustpilot.com/reviews/6821a1d13b2bdffa513e8556,Best wig experience EVER,"MA little over 2 months ago i ordered my very first wig, the: Chase Brown Ombre with you guys so that i could wear it for my birthday! I gave it a test to see how jt would feel and look on me and I just wanted to say i am absolutely BEYOND satisfied with the quality of my wig!! The lace is undetectable and unlike any other!!! It is Absolutely amazing and i will definitely be a staying client with this business ğŸ˜ğŸ˜",Date of experience:,"May 10, 2025",Useful,Share,https://consumersiteimages.trustpilot.net/business-units/5be777b095bbdc0001865d4a-198x149-1x.jpg,Reply from Hairvivi,"May 13, 2025","Hi,
Thanks for your review and we are so glad to hear that you are satisfied with the wig.
Your affirmation and encouragement give us more confidence to offer better service in the future.ğŸ’•Hairvivi will try our best to improve our products and services better in the future!ğŸ˜„
Wish you all the best!
Hairvivi",,https://user-images.trustpilot.com/6821a1ae4db5a03798f2df54/73x73.png,,
JA,https://www.trustpilot.com/users/5fc342b9dd303d001990830b,Jay,GB,â€¢,7 reviews,A day ago,https://cdn.trustpilot.net/brand-assets/4.1.0/stars/stars-5.svg,https://www.trustpilot.com/reviews/683ed769708852eb0256b225,Another amazing wig,"I'm honestly so impressed with the Evelyn wig from Hairvivi! The hair is super soft, the lace melted beautifully with hardly any effort, and the hairline is so natural â€“ I barely had to do anything to get it ready to wear. Itâ€™s definitely beginner-friendly but still looks premium. What really surprised me was how quickly it arrived â€“ Iâ€™m in the UK and shipping was much faster than expected. The wig fits comfortably and stayed secure all day. Itâ€™s easily one of the best wigs Iâ€™ve bought. This was the yaki wig",Date of experience:,"June 02, 2025",Useful,Share,https://consumersiteimages.trustpilot.net/business-units/5be777b095bbdc0001865d4a-198x149-1x.jpg,Reply from Hairvivi,12 hours ago,"Hi,
Thanks for your review and we are so glad to hear that you are satisfied with the wig.
Your affirmation and encouragement give us more confidence to offer better service in the future.ğŸ’•Hairvivi will try our best to improve our products and services better in the future!ğŸ˜„
Wish you all the best!
Hairvivi",See 1 more review by Jay,,,
,,,Advertisement,,,,,,,,,,,,,,,,,,,
,https://www.trustpilot.com/users/683e95304e662d067a2f4279,Brandon J,US,â€¢,1 review,A day ago,https://cdn.trustpilot.net/brand-assets/4.1.0/stars/stars-5.svg,https://www.trustpilot.com/reviews/683e96d7cc6b9fea9aebd233,Hairvivi canâ€™t do no wrong! Best wigs!!,"I have purchased five wigs from hairvivi, the Luna unit being my most recent purchase from them. This has been the most realistic human hair wig I have ever purchased before the lace is truly undetectable, and the knots are bleached to perfection. I love their blonde hair so much! If you want a good 613 blonde buss down that wonâ€™t shed and last up to a year get you a hairvivi wigs! I prefer their 180% density wigs for a fuller look of hair!",Date of experience:,"June 02, 2025",Useful,Share,https://consumersiteimages.trustpilot.net/business-units/5be777b095bbdc0001865d4a-198x149-1x.jpg,Reply from Hairvivi,12 hours ago,"Hi,
Thanks for your review and we are so glad to hear that you are satisfied with the wig.
Your affirmation and encouragement give us more confidence to offer better service in the future.ğŸ’•Hairvivi will try our best to improve our products and services better in the future!ğŸ˜„
Wish you all the best!
Hairvivi",,https://user-images.trustpilot.com/683e95304e662d067a2f4279/73x73.png,,
,https://www.trustpilot.com/users/597698000000ff000ab3324b,flickstarulz,AU,â€¢,3 reviews,6 days ago,https://cdn.trustpilot.net/brand-assets/4.1.0/stars/stars-5.svg,https://www.trustpilot.com/reviews/6837e4d9be661cef5f9dcb6f,My first wig and couldnt be happier!,"The wig was beautifully presented and a quick delivery to Australia. The colour is a gorgeous dark to light brunette ombre. The lace is undetectable, and although I had a bit of a struggle trimming around my ears, I'm very happy with the final result. She's a lovely full voluminous wig, and super long, which is what my heart wanted. Something close to my bio hair, which I miss dearly since being diagnosed with Alopecia Areata earlier this year before my 40th birthday. I am very pleased also with the service, of which I had a lot of help trying to pick a wig that wasn't too dark, or too light. I will definitely be buying with Hairvivi again! Thank you!",Date of experience:,"May 28, 2025",Useful,Share,https://consumersiteimages.trustpilot.net/business-units/5be777b095bbdc0001865d4a-198x149-1x.jpg,Reply from Hairvivi,5 days ago,"Hi,
Thanks for your review and we are so glad to hear that you are satisfied with the wig.
Your affirmation and encouragement give us more confidence to offer better service in the future.ğŸ’•Hairvivi will try our best to improve our products and services better in the future!ğŸ˜„
Wish you all the best!
Hairvivi",,https://user-images.trustpilot.com/597698000000ff000ab3324b/73x73.png,,
,https://www.trustpilot.com/users/6815095775d981822676e5dc,Melissa,US,â€¢,1 review,"May 3, 2025",https://cdn.trustpilot.net/brand-assets/4.1.0/stars/stars-5.svg,https://www.trustpilot.com/reviews/6815095e51b7159f0d663e19,I recently bought the Small Luna Dirtyâ€¦,"I recently bought the Small Luna Dirty Blonde Wig in 22"" length with honey lace. This is the first wig that I've tried on out of the box and thought it was completely PERFECT!

I've been wearing hair due to alopecia for about 10 years and have tried many different styles and brands of wigs. I have a small head and this fits me so well. The color is so beautiful, with subtle highlights and a balayage effect from medium brown roots to dirty blonde tips. It's the closest to my natural hair color with highlights that I've ever seen in a wig. It's my new favorite piece! The hair is longer than I thought it would be, which is a wonderful bonus. I think they measure the length from the nape, rather than the crown, like some other wigmakers do. The density is usually too much on these long wigs but in this case, it's so perfect and natural. I never want to take it off!",Date of experience:,"April 29, 2025",Useful,Share,https://consumersiteimages.trustpilot.net/business-units/5be777b095bbdc0001865d4a-198x149-1x.jpg,Reply from Hairvivi,"May 3, 2025","Hi,
Thanks for your review and we are so glad to hear that you are satisfied with the wig.
Your affirmation and encouragement give us more confidence to offer better service in the future.ğŸ’•Hairvivi will try our best to improve our products and services better in the future!ğŸ˜„
Wish you all the best!
Hairvivi",,https://user-images.trustpilot.com/6815095775d981822676e5dc/73x73.png,,
LG,https://www.trustpilot.com/users/677078a70343f74d4ad81265,Laura Gonzalez,US,â€¢,3 reviews,"Apr 30, 2025",https://cdn.trustpilot.net/brand-assets/4.1.0/stars/stars-5.svg,https://www.trustpilot.com/reviews/6811f29bd2d13586cb9fdac2,This is my third Hairvivi wig and all Iâ€¦,"This is my third Hairvivi wig and all I have to say is that I loved them. Very high quality. Itâ€™s looks beautiful and extremely natural on me. Highly recommended â¤ï¸â¤ï¸â¤ï¸. Iâ€™m going to still purchasing in the future.
Thanks Hairvivi.",Date of experience:,"April 30, 2025",Useful,Share,https://consumersiteimages.trustpilot.net/business-units/5be777b095bbdc0001865d4a-198x149-1x.jpg,Reply from Hairvivi,"May 2, 2025","Hi,
Thanks for your review and we are so glad to hear that you are satisfied with the wig.
Your affirmation and encouragement give us more confidence to offer better service in the future.ğŸ’•Hairvivi will try our best to improve our products and services better in the future!ğŸ˜„
Wish you all the best!
Hairvivi",See 1 more review by Laura,,,
,,,Advertisement,,,,,,,,,,,,,,,,,,,
,https://www.trustpilot.com/users/67f59ac1d60ce2c47ffb6f8a,Simone Santos Lima Alves,CA,â€¢,1 review,"Apr 30, 2025",https://cdn.trustpilot.net/brand-assets/4.1.0/stars/stars-1.svg,https://www.trustpilot.com/reviews/681198cd677c100c66314034,Worse experiencie,"was initially impressed with the wig, when unboxed look gorgeous but everything changed after the second wash. The hair became extremely tangled and unmanageable, and the roots faded from a natural brown to a reddish tone, exposing several gray hairs. I reached out to Hairvivi for support and take the unit to a professional salon for assessment, with the promise that any related costs would be shared However, after following their exact instructions, Hairvivi later refused to take responsibility, stating that because the wig had been altered, they could no longer guarantee its quality. This was incredibly frustrating, especially since I did everything as directed by their customer service team.when I wrote a review on their website and upload the pictures and videos it was deleted whatâ€™s made want made me
Question their reliability",Date of experience:,"March 24, 2025","Useful
1",Share,https://consumersiteimages.trustpilot.net/business-units/5be777b095bbdc0001865d4a-198x149-1x.jpg,Reply from Hairvivi,"Apr 30, 2025","Hi,
This is hairvivi customer service. Firstly, really sorry for your unhappy shopping experience. Customer satisfaction is always our pursuit and we will do our best to meet customers' needs.
Hairvivi offers a free return service as long as the lace is intact within 30 days.
About this wig, no worries. Though the wig was recolored, hairvivi will still be here to help you solve the problem.
Our customer service will contact you via email asap to solve the problem asap.
And we welcome all kinds of feedback no matter positive or negative. They will pull us to bring better products and services in the future.
All in all, really sorry for any inconvenience.
Best regards
Hairvivi Team",,https://user-images.trustpilot.com/67f59ac1d60ce2c47ffb6f8a/73x73.png,,
,https://www.trustpilot.com/users/66f71f2283419348ba0f3253,alisa egan,US,â€¢,2 reviews,"Apr 29, 2025",https://cdn.trustpilot.net/brand-assets/4.1.0/stars/stars-5.svg,https://www.trustpilot.com/reviews/68108e1ec6ba72e54f1f329a,High quality human hair wigs,":
I was buying many wigs mostly synthetic but a few human and I have not been satisfied with 99% of them. I open my Hair Vivi Knowles and I couldnâ€™t believe the quality and how beautiful it is. Hair Vivi I wish I found you a long time ago. Good quality and amazing prices. If you are looking for a human hair wig I recommend trying Hair Vivi first.",Date of experience:,"April 29, 2025",Useful,Share,https://consumersiteimages.trustpilot.net/business-units/5be777b095bbdc0001865d4a-198x149-1x.jpg,Reply from Hairvivi,"Apr 30, 2025","Hi,
Thanks for your review and we are so glad to hear that you are satisfied with the wig.
Your affirmation and encouragement give us more confidence to offer better service in the future.ğŸ’•Hairvivi will try our best to improve our products and services better in the future!ğŸ˜„
Wish you all the best!
Hairvivi",,https://user-images.trustpilot.com/66f71f2283419348ba0f3253/73x73.png,,
NO,https://www.trustpilot.com/users/61167568935a640012d89d5c,Nour,CA,â€¢,2 reviews,"Apr 27, 2025",https://cdn.trustpilot.net/brand-assets/4.1.0/stars/stars-5.svg,https://www.trustpilot.com/reviews/680e2a34eca154955beabb62,Best wig ever ! Stop searching! Only hairvivi!,"I honestly cannot express how impressed I am with my new wig from Hairvivi! From the moment I unboxed it, I could tell this was a premium product. The hair is incredibly soft, full of volume, and has a natural luster that looks just like real, healthy hair.

The pre-plucked hairline and pre-bleached knots made installation so easy â€” I barely had to do any customization! The lace melted beautifully into my skin, and the fit was absolutely perfect right out of the box. Itâ€™s lightweight, breathable, and so comfortable that I almost forget Iâ€™m wearing a wig.

Iâ€™ve received countless compliments and people literally cannot tell itâ€™s a wig. Itâ€™s that realistic! Iâ€™ve worn wigs from many top brands, but Hairvivi has officially become my #1 go-to from now on.

Customer service was outstanding too â€” they kept me updated throughout the shipping process, and the packaging was so luxurious. You can tell they really care about their customers.

If youâ€™re on the fence about buying from Hairvivi, this is your sign. You will not regret it!",Date of experience:,"April 25, 2025",Useful,Share,https://consumersiteimages.trustpilot.net/business-units/5be777b095bbdc0001865d4a-198x149-1x.jpg,Reply from Hairvivi,"Apr 28, 2025","Hi,
Thanks for your review and we are so glad to hear that you are satisfied with the wig.
Your affirmation and encouragement give us more confidence to offer better service in the future.ğŸ’•Hairvivi will try our best to improve our products and services better in the future!ğŸ˜„
Wish you all the best!
Hairvivi",,,,
CB,https://www.trustpilot.com/users/680d0e7975d9811bdd6e8f68,Crystal Brinkley,US,â€¢,1 review,"Apr 27, 2025",https://cdn.trustpilot.net/brand-assets/4.1.0/stars/stars-5.svg,https://www.trustpilot.com/reviews/680d0e8079b0459ef20c95cb,HairViVi is my go to for quality wigs,"HairViVi is my go to for quality wigs. Super easy to install and their gluelss wigs are actually gluelss. The wigs are very natural, looking beginner, friendly, and just the best. I 100% recommend HairVivi",Date of experience:,"April 25, 2025",Useful,Share,https://consumersiteimages.trustpilot.net/business-units/5be777b095bbdc0001865d4a-198x149-1x.jpg,Reply from Hairvivi,"Apr 27, 2025","Hi,
Thanks for your review and we are so glad to hear that you are satisfied with the wig.
Your affirmation and encouragement give us more confidence to offer better service in the future.ğŸ’•Hairvivi will try our best to improve our products and services better in the future!ğŸ˜„
Wish you all the best!
Hairvivi",,,,
,,,Advertisement,,,,,,,,,,,,,,,,,,,
,https://www.trustpilot.com/users/6646a71a2db1a061c13e76cc,Victoria Collins,US,â€¢,1 review,"Apr 26, 2025",https://cdn.trustpilot.net/brand-assets/4.1.0/stars/stars-5.svg,https://www.trustpilot.com/reviews/680bb607020dfbf93ca74ffa,The wig was exactly like the picture Iâ€¦,The wig was exactly like the picture I did a quick parting and a little styling and it looked gorgeous !!! This is my second unit from hair vivi ğŸ’•,Date of experience:,"April 23, 2025",Useful,Share,https://consumersiteimages.trustpilot.net/business-units/5be777b095bbdc0001865d4a-198x149-1x.jpg,Reply from Hairvivi,"Apr 27, 2025","Hi,
Thanks for your review and we are so glad to hear that you are satisfied with the wig.
Your affirmation and encouragement give us more confidence to offer better service in the future.ğŸ’•Hairvivi will try our best to improve our products and services better in the future!ğŸ˜„
Wish you all the best!
Hairvivi",,https://user-images.trustpilot.com/6646a71a2db1a061c13e76cc/73x73.png,,
Get Chrome extension,https://chrome.google.com/webstore/detail/trustpilot-reviews-rating/dimkjjladgaekdlfebknbaooicmfalke?utm_source=trustpilot&utm_medium=cpp_promotion&utm_campaign=cpp_promotion,,,,,,,,,,,,,,,,,,,,See if a website is trustworthy without leaving the page,https://cdn.trustpilot.net/brand-assets/4.3.0/logo-black.svg
,https://www.trustpilot.com/users/680a2d77b83f2c173a61dd4d,Londiwe Mgobhozi,ZA,â€¢,1 review,"Apr 24, 2025",https://cdn.trustpilot.net/brand-assets/4.1.0/stars/stars-5.svg,https://www.trustpilot.com/reviews/680a2d84eee345bb6c4902d6,The hair looks so natural,"The hair looks so natural, gorgeous and it is definitely easy to maintain. It is definitely worth the price! ğŸ’¯",Date of experience:,"April 24, 2025",Useful,Share,https://consumersiteimages.trustpilot.net/business-units/5be777b095bbdc0001865d4a-198x149-1x.jpg,Reply from Hairvivi,"Apr 25, 2025","Hi,
Thanks for your review and we are so glad to hear that you are satisfied with the wig.
Your affirmation and encouragement give us more confidence to offer better service in the future.ğŸ’•Hairvivi will try our best to improve our products and services better in the future!ğŸ˜„
Wish you all the best!
Hairvivi",,https://user-images.trustpilot.com/680a2d77b83f2c173a61dd4d/73x73.png,,
,https://www.trustpilot.com/users/68097702bbc623862f099a0e,Clara FROTA,US,â€¢,1 review,"Apr 24, 2025",https://cdn.trustpilot.net/brand-assets/4.1.0/stars/stars-5.svg,https://www.trustpilot.com/reviews/6809770c61c7ff762b7de023,In love,"Hairvivi has exceeded my expectations! Not only do they look amazing, they are very comfortable as well. I have gotten so many compliments so far and a lot of people are shocked to learn its not my real hair. As someone who suffers from hair-loss, this wig has completely shifted my self-confidence and I am having fun stying it. I have the Camilla wig, its very long and very dark but the hair is soft and the hairline is really natural. Lace pretty much melts into your skin, it is advertised as glueless but I like to use hairspray to get the lace to stick! My shipping and processing took longer because of the lace color I chose so I knew what to expect. If you read their shipping policies they are very clear and explain somethings might influence the shipping time so I was fully aware from the start and recommend reading that and being aware, they are very transparent in terms of that. Will absolutely be purchasing again, cannot wait for my next one!",Date of experience:,"April 23, 2025",Useful,Share,https://consumersiteimages.trustpilot.net/business-units/5be777b095bbdc0001865d4a-198x149-1x.jpg,Reply from Hairvivi,"Apr 25, 2025","Hi,
Thanks for your review and we are so glad to hear that you are satisfied with the wig.
Your affirmation and encouragement give us more confidence to offer better service in the future.ğŸ’•Hairvivi will try our best to improve our products and services better in the future!ğŸ˜„
Wish you all the best!
Hairvivi",,https://user-images.trustpilot.com/68097702bbc623862f099a0e/73x73.png,,
YV,https://www.trustpilot.com/users/6809089c3e76a41a00aa9ed8,Yvette,US,â€¢,1 review,"Apr 24, 2025",https://cdn.trustpilot.net/brand-assets/4.1.0/stars/stars-5.svg,https://www.trustpilot.com/reviews/6809089dd4bdd6521d5bdf07,The Hattie wig is most definitely my goâ€¦,The Hattie wig is most definitely my go to!!! I wore it on my vacation to the Bahamas and I recieved so many compliments!! I will definitely be buying this hair again!! Its looks like natural hair I love it!!!! I love the density as well exactly how I love my wigs not too bulky but just right! It does tangle a little a course but I just trim it a little and still looks good!!,Date of experience:,"February 26, 2025",Verified,Share,https://consumersiteimages.trustpilot.net/business-units/5be777b095bbdc0001865d4a-198x149-1x.jpg,Reply from Hairvivi,"Apr 24, 2025","Hi,
Thanks for your review and we are so glad to hear that you are satisfied with the wig.
Your affirmation and encouragement give us more confidence to offer better service in the future.ğŸ’•Hairvivi will try our best to improve our products and services better in the future!ğŸ˜„
Wish you all the best!
Hairvivi",,,,
,,,Advertisement,,,,,,,,,,,,,,,,,,,
,https://www.trustpilot.com/users/6808fec2bbc6238a1008ede2,Sarah Mackler,US,â€¢,1 review,"Apr 24, 2025",https://cdn.trustpilot.net/brand-assets/4.1.0/stars/stars-5.svg,https://www.trustpilot.com/reviews/6808feca68b3cf8975785126,Reliable and quick shipping!,"Quick shipping, shipped it exactly when they said they would, the hair is great, so natural and realistic. I love the color. Very happy with my item and will definitely order again.",Date of experience:,"April 04, 2025",Useful,Share,https://consumersiteimages.trustpilot.net/business-units/5be777b095bbdc0001865d4a-198x149-1x.jpg,Reply from Hairvivi,"Apr 24, 2025","Hi,
Thanks for your review and we are so glad to hear that you are satisfied with the wig.
Your affirmation and encouragement give us more confidence to offer better service in the future.ğŸ’•Hairvivi will try our best to improve our products and services better in the future!ğŸ˜„
Wish you all the best!
Hairvivi",,https://user-images.trustpilot.com/6808fec2bbc6238a1008ede2/73x73.png,,
KI,https://www.trustpilot.com/users/649c2ab42906af0012f12974,Kim,DK,â€¢,5 reviews,"Apr 23, 2025",https://cdn.trustpilot.net/brand-assets/4.1.0/stars/stars-5.svg,https://www.trustpilot.com/reviews/6807d8e5ba16cfc165e7cd5c,"Victoria 26"" Medium Cappuccino","I wanted to share my review of the very first human hair wig Iâ€™ve ever bought. After some intense researching and deep diving, I chose Hairvivi and the Victoria model in a 26â€ length.

As this was a pretty pricey purchase, I had several questions regarding the wig. Things like sourcing of the human hair, the density etc, all of which customer service was quick to answer. The 26â€ was not in stock on their website, but customer service made it available for me to purchase and gifted me a bang accessory to compensate for the extra manufactoring time.

I placed my order on March 4th 2025 and the shipment was sent on March 12th. It arrived exactly one week later. Iâ€™m in the EU, so I had to pay customs VAT of 40 USD. Because this was my first purchase, I used the welcome discount code and got 40 USD off my purchase. I also ordered during Womenâ€™s Day, so I got a wig Starter Kit added to my order as well.

Be aware you canâ€™t apply more than one discount code. That means that if you have redeemed a free gift, you wonâ€™t be able to get it with the same order.

When the wig arrived, I was absolutely enamored with the feel and the smell of the hair. The feel of human hair is so much different from the cheap, synthetic wigs I have from Amazon, thereâ€™s really no comparison. The unboxing was a treat in itself and the accessories were a nice added bonus. The wig was beautifully preplucked and the knots bleached. The length of the wig was actually much longer than 26â€, more like 30 or 32 inches! I specifically wanted a very long wig, so this was a great surprise. It also passed the burn test and acted like human hair.

I have a small and pretty flat back of my head, so the wig is actually too big, but the Small would be too tight. You can fix this yourself by sewing the tracks in the wig cap closer together to make it lay more flat against the scalp. YouTube has a lot of great videos. I ended up making my own â€œhair padâ€ from a wig cap and some synthetic hair which I put inside of the wig before wearing it. You can also get a custom size if you prefer. Importantly, you always have the option to return the wig, just make sure to not cut the lace or the tags off.

Iâ€™ve had the wig for 1 month now. I donâ€™t wear it daily only on occasion and Iâ€™ve washed, conditioned and used a flat iron and the wig still looks great, but will of course need proper care. Iâ€™d recommend Lab Muffin Beauty Science for scientific and evidence-based tips about hair care. The wig has been shedding a lot less than my synthetic wigs. It still looks really great. I've left the same review on the Hairvivi website including a few pictures. The first photo is from the day of arrival and the last picture is one month after with the bangs attached but otherwise minimal styling.

All in all Iâ€™m very satisfied and happy with my purchase and I expect the wig to last for many years. I've learned a lot from this whole experience. Hairviviâ€™s products and customer service are great and Iâ€™ll definitely be using them again in the future.",Date of experience:,"April 22, 2025",Useful,Share,https://consumersiteimages.trustpilot.net/business-units/5be777b095bbdc0001865d4a-198x149-1x.jpg,Reply from Hairvivi,"Apr 23, 2025","Hi,
Thanks for your review and we are so glad to hear that you are satisfied with the wig.
Your affirmation and encouragement give us more confidence to offer better service in the future.ğŸ’•Hairvivi will try our best to improve our products and services better in the future!ğŸ˜„
Wish you all the best!
Hairvivi",,,,
YT,https://www.trustpilot.com/users/6807b5069db70e6efd9c584c,Yo T,CA,â€¢,1 review,"Apr 23, 2025",https://cdn.trustpilot.net/brand-assets/4.1.0/stars/stars-5.svg,https://www.trustpilot.com/reviews/6807b507ee414efdc76e62c9,I love the VIvian wig which is amazing,"I love the VIvian wig which is amazing, doesn't shed, tangle, delivers quick. I have made multiple purchases and made Hairvivi my go to wig company.",Date of experience:,"February 26, 2025",Verified,Share,https://consumersiteimages.trustpilot.net/business-units/5be777b095bbdc0001865d4a-198x149-1x.jpg,Reply from Hairvivi,"Apr 23, 2025","Hi,
Thanks for your review and we are so glad to hear that you are satisfied with the wig.
Your affirmation and encouragement give us more confidence to offer better service in the future.ğŸ’•Hairvivi will try our best to improve our products and services better in the future!ğŸ˜„
Wish you all the best!
Hairvivi",,,,
AB,https://www.trustpilot.com/users/68066a7e83edc044d7681628,Aliana Bates,GB,â€¢,1 review,"Apr 22, 2025",https://cdn.trustpilot.net/brand-assets/4.1.0/stars/stars-5.svg,https://www.trustpilot.com/reviews/68066a99807481de127ca322,I have great respect and experienceâ€¦,I have great respect and experience with Hairvivi job well done. This is the only site I purchased my wigs I never send them back or have problems every wigs I bought I'm satisfied thank you Hairvivi for being there for women like me,Date of experience:,"March 05, 2025",Useful,Share,https://consumersiteimages.trustpilot.net/business-units/5be777b095bbdc0001865d4a-198x149-1x.jpg,Reply from Hairvivi,"Apr 22, 2025","Hi,
Thanks for your review and we are so glad to hear that you are satisfied with the wig.
Your affirmation and encouragement give us more confidence to offer better service in the future.ğŸ’•Hairvivi will try our best to improve our products and services better in the future!ğŸ˜„
Wish you all the best!
Hairvivi",,,,
,,,Advertisement,,,,,,,,,,,,,,,,,,,
MR,https://www.trustpilot.com/users/5cd1f6e46e5fb2490d82175f,Mary r,US,â€¢,2 reviews,"Apr 22, 2025",https://cdn.trustpilot.net/brand-assets/4.1.0/stars/stars-5.svg,https://www.trustpilot.com/reviews/6806674e50edcd7ce5d19980,Absolutely best wigs!,"Absolutely best wigs!! Worth every dollar, quality is amazing , so natural and great customer service . No glue needed",Date of experience:,"April 21, 2025",Useful,Share,https://consumersiteimages.trustpilot.net/business-units/5be777b095bbdc0001865d4a-198x149-1x.jpg,Reply from Hairvivi,"Apr 22, 2025","Hi,
Thanks for your review and we are so glad to hear that you are satisfied with the wig.
Your affirmation and encouragement give us more confidence to offer better service in the future.ğŸ’•Hairvivi will try our best to improve our products and services better in the future!ğŸ˜„
Wish you all the best!
Hairvivi",,,,
KE,https://www.trustpilot.com/users/6805e33583edc06889677f1b,Keyla,US,â€¢,1 review,"Apr 21, 2025",https://cdn.trustpilot.net/brand-assets/4.1.0/stars/stars-5.svg,https://www.trustpilot.com/reviews/6805e34b31bd4836d0cc73ad,Description of the Elena was clear andâ€¦,Description of the Elena was clear and pretty and I loved that they displayed the reviews due to me being nervous and my first time ordering from this website.,Date of experience:,"February 20, 2025",Useful,Share,https://consumersiteimages.trustpilot.net/business-units/5be777b095bbdc0001865d4a-198x149-1x.jpg,Reply from Hairvivi,"Apr 22, 2025","Hi,
Thanks for your review and we are so glad to hear that you are satisfied with the wig.
Your affirmation and encouragement give us more confidence to offer better service in the future.ğŸ’•Hairvivi will try our best to improve our products and services better in the future!ğŸ˜„
Wish you all the best!
Hairvivi",,,,
MA,https://www.trustpilot.com/users/6805af3983edc0dd1c676d60,Maria,US,â€¢,1 review,"Apr 21, 2025",https://cdn.trustpilot.net/brand-assets/4.1.0/stars/stars-5.svg,https://www.trustpilot.com/reviews/6805af55d256a1a54ce08c99,Hair is very affordable,"Hair is very affordable , soft , thick and full . It definitely meets the standards . Every girl should feel amazing in this hair it makes us girls feel absolutely beautiful. QUALITY IS AMAZING WE ALL LOVE Hairvivi HAIR",Date of experience:,"March 07, 2025",Useful,Share,https://consumersiteimages.trustpilot.net/business-units/5be777b095bbdc0001865d4a-198x149-1x.jpg,Reply from Hairvivi,"Apr 22, 2025","Hi,
Thanks for your review and we are so glad to hear that you are satisfied with the wig.
Your affirmation and encouragement give us more confidence to offer better service in the future.ğŸ’•Hairvivi will try our best to improve our products and services better in the future!ğŸ˜„
Wish you all the best!
Hairvivi",,,,
,https://www.trustpilot.com/users/681d9b10b83f2cc3f8760a95,Livia Livia,RO,â€¢,1 review,"May 9, 2025",https://cdn.trustpilot.net/brand-assets/4.1.0/stars/stars-5.svg,https://www.trustpilot.com/reviews/681d9b1b169daf7af34cadd9,The best wigs,,Date of experience:,"May 09, 2025",Useful,Share,https://consumersiteimages.trustpilot.net/business-units/5be777b095bbdc0001865d4a-198x149-1x.jpg,Reply from Hairvivi,"May 10, 2025","Hi,
Thanks for your review and we are so glad to hear that you are satisfied with the wig.
Your affirmation and encouragement give us more confidence to offer better service in the future.ğŸ’•Hairvivi will try our best to improve our products and services better in the future!ğŸ˜„
Wish you all the best!
Hairvivi",,https://user-images.trustpilot.com/681d9b10b83f2cc3f8760a95/73x73.png,,
,,,Advertisement,,,,,,,,,,,,,,,,,,,
TO,https://www.trustpilot.com/users/6803c3c4959ac38485350c43,Tina Ogun,US,â€¢,1 review,"Apr 20, 2025",https://cdn.trustpilot.net/brand-assets/4.1.0/stars/stars-5.svg,https://www.trustpilot.com/reviews/6803c3dc2bebc4950a762283,Kate wig,I absolutely love my unit. This is my second time buying from them. They reply fast and make sure you like the hair. Kate is so kind and will answer all your questions. Good quality hair and very soft. Thank you Hairvivi Hair!,Date of experience:,"March 04, 2025",Useful,Share,https://consumersiteimages.trustpilot.net/business-units/5be777b095bbdc0001865d4a-198x149-1x.jpg,Reply from Hairvivi,"Apr 21, 2025","Hi,
Thanks for your review and we are so glad to hear that you are satisfied with the wig.
Your affirmation and encouragement give us more confidence to offer better service in the future.ğŸ’•Hairvivi will try our best to improve our products and services better in the future!ğŸ˜„
Wish you all the best!
Hairvivi",,,,
AK,https://www.trustpilot.com/users/62a156abb3977c001231d8de,Allison Kent,CA,â€¢,2 reviews,"Apr 19, 2025",https://cdn.trustpilot.net/brand-assets/4.1.0/stars/stars-1.svg,https://www.trustpilot.com/reviews/680283160f830307ddbb6e2b,I no longer trust this company.,"Iâ€™ve been using Hairvivi for all my wholesale wig needs for my business and had a great experience initially, especially when I was working directly with a rep through WhatsApp. Unfortunately, that rep disappeared, and I was later told that communicating with a wholesale rep through WhatsApp was no longer an option.

Since then, placing orders has been a frustrating process. I had to email back and forth for weeks just to try and place an order, and due to the delay, I ended up placing a non-wholesale order directly through their website. I did this because I have two cancer patients urgently waiting for wigs. I placed the order on April 8thâ€”it's now April 18th, and nothing has shipped.

Despite multiple attempts to get an update, the communication has been extremely poor. While the quality of the wigs is beautiful, the company really needs to improve its customer service and shipping process. I'm incredibly disappointed and now actively searching for a new wholesale vendor, as I no longer feel confident in relying on Hairvivi.",Date of experience:,"April 08, 2025","Useful
1",Share,https://consumersiteimages.trustpilot.net/business-units/5be777b095bbdc0001865d4a-198x149-1x.jpg,Reply from Hairvivi,"Apr 19, 2025","Hello,
This is Hairvivi customer service team. Thanks so much for patiently waiting for your order. and so sorry that Wholesale whatsApp has a system problem and is being processed.
Generally, all orders can be finished and shipped out in time. But we are sorry for the delay this time because there was a backlog of orders, which led to your order not being completed in time.
First of all, we are deeply sorry for the unpleasant experience and for the late reply because of the weekend and time difference between us.
No worries, we will try our best to ship your order today and then will update you with the tracking number via email. pls note to check it.
Really sorry for any inconvenience.
Best regards
Hairvivi Team",,,,
,https://www.trustpilot.com/users/6579e3e630352f00112f8059,Pickle Rick,DE,â€¢,2 reviews,"Apr 18, 2025",https://cdn.trustpilot.net/brand-assets/4.1.0/stars/stars-5.svg,https://www.trustpilot.com/reviews/6801a34c5aff206cc63d4f86,I am normally not that type of personâ€¦,"I am normally not that type of person that writes reviews, but this is one of the few times i feel i have to.
I suffer from hairloss and tried a lot of wig companies over the years.
I was influenced by many tiktok adds and did a lot of research before from here, because in the beginning all wigs look beautiful till you wash and wear them a few times.
Sure, you have to restyle every wig after you wash it, but this? Oh my lord its still beautiful after a lot of wearing.
the hairline and the coloring is insane. I was never happier with a purchase.
i ordered Vivian and wasnt sure about the color so i reached out to them to change my order. They where so nice about it and delivered with no issue.",Date of experience:,"April 18, 2025","Useful
1",Share,https://consumersiteimages.trustpilot.net/business-units/5be777b095bbdc0001865d4a-198x149-1x.jpg,Reply from Hairvivi,"Apr 21, 2025","Hi,
Thanks for your review and we are so glad to hear that you are satisfied with the wig.
Your affirmation and encouragement give us more confidence to offer better service in the future.ğŸ’•Hairvivi will try our best to improve our products and services better in the future!ğŸ˜„
Wish you all the best!
Hairvivi",,https://user-images.trustpilot.com/6579e3e630352f00112f8059/73x73.png,,